horizon,predicted,observed
15,0.03537928224179592,0.033350857290427305
15,0.15613541070665254,0.15369574440611683
15,0.3993421594492225,0.3972625481913265
15,0.7899486787472302,0.7861701931413603
15,0.9345311981704948,0.9336758222500968
15,0.9824862810215678,0.9825218361756486
15,0.9956715914663352,0.9957758819460456
15,0.9990226499313732,0.9990684117804404
15,0.9997468660958899,0.9997244166819769
15,0.9999276915585873,0.9999722178491058
30,0.06298945563621917,0.059224608798346616
30,0.24523642997824377,0.24407886845723037
30,0.4521228477709399,0.4490741167895334
30,0.7227115186379172,0.7140866901629361
30,0.880118762777601,0.8768072483692092
30,0.9562000114438934,0.9560443616098614
30,0.986409222264737,0.9866404642623193
30,0.9961252468964079,0.996004761069949
30,0.9989901027103357,0.9992249778565102
30,0.9998524600070618,0.9998892815293912
60,0.09615366957023935,0.09782287550319459
60,0.3353179588463234,0.34609631790818773
60,0.5143405670521648,0.5092283970565152
60,0.677314565277658,0.6710030653322008
60,0.8174073585535867,0.8086642599277978
60,0.9094917086401304,0.9056579384717657
60,0.9632277406486469,0.9607042942746082
60,0.9870990370874186,0.9860398123868966
60,0.996258804989059,0.9965008817039506
60,0.9996310850627417,0.9993167254529002
