horizon,subset,model,n,brier,log_loss,auc
15,réseau,profil horaire,1084213,0.14426179296312522,0.4851036587549806,0.8145240520367891
15,réseau,persistance,1084213,0.06737648716585867,0.22713504864109216,0.9557973320521805
15,réseau,régression logistique,1084213,0.06820563055097568,0.22616806674832152,0.9604616495873982
15,réseau,gradient boosting,1084213,0.06283707455517956,0.2060564014752814,0.9667097146722774
15,réseau,gradient boosting + tendance,1084213,0.06235049180859671,0.20412469819163329,0.9673817629002586
15,mes 7 stations,profil horaire,20153,0.17588964598586979,0.5517439275793038,0.7929047892575163
15,mes 7 stations,persistance,20153,0.06907236882719439,0.2316605194433725,0.9589675377795814
15,mes 7 stations,régression logistique,20153,0.07008370743159244,0.23223848882142833,0.9631543178993072
15,mes 7 stations,gradient boosting,20153,0.06588539295050391,0.21600102128483542,0.967823754139647
15,mes 7 stations,gradient boosting + tendance,20153,0.06580398937870659,0.21605693555663086,0.9676383649257647
15,1 à 4 vélos,profil horaire,406105,0.22114873799402382,0.7321282777338072,0.6564012031727603
15,1 à 4 vélos,persistance,406105,0.1374855765031836,0.43656209981490557,0.8443718035327362
15,1 à 4 vélos,régression logistique,406105,0.14062123404367058,0.4382128049446337,0.8600000826171084
15,1 à 4 vélos,gradient boosting,406105,0.1273080564942133,0.3994120929713833,0.8841594634422534
15,1 à 4 vélos,gradient boosting + tendance,406105,0.12610752710428913,0.395139687656054,0.887045751024757
30,réseau,profil horaire,1083834,0.14679427226213662,0.49558255118431827,0.8087804972171979
30,réseau,persistance,1083834,0.09227814222077227,0.2980160069042137,0.9256228068282905
30,réseau,régression logistique,1083834,0.09142294442054416,0.2918947033648199,0.9327724435850024
30,réseau,gradient boosting,1083834,0.0844007116399072,0.26716129843502806,0.943229306134425
30,réseau,gradient boosting + tendance,1083834,0.08362395450686425,0.26405110294639306,0.9445878820154596
30,mes 7 stations,profil horaire,20146,0.17907054828642785,0.5655559934655736,0.7847393701335111
30,mes 7 stations,persistance,20146,0.09772127734177016,0.31224657270868816,0.9279678917968407
30,mes 7 stations,régression logistique,20146,0.09736453678902234,0.3104019697962759,0.9337168447170159
30,mes 7 stations,gradient boosting,20146,0.09197516285386469,0.2892416174592465,0.9420267459496108
30,mes 7 stations,gradient boosting + tendance,20146,0.09191452806587767,0.289108375447442,0.941833980654056
30,1 à 4 vélos,profil horaire,405952,0.2254170448965442,0.7471963107903411,0.6573633934208598
30,1 à 4 vélos,persistance,405952,0.17138056362533968,0.5197251548656703,0.7808855804487838
30,1 à 4 vélos,régression logistique,405952,0.17128402320729985,0.5140135730393294,0.7993400138600024
30,1 à 4 vélos,gradient boosting,405952,0.15707164516276637,0.47530488023548456,0.831487594954377
30,1 à 4 vélos,gradient boosting + tendance,405952,0.1554475450071491,0.4700723782794593,0.835670580557741
60,réseau,profil horaire,1083076,0.15287023959555868,0.5244716978756215,0.7941616270568124
60,réseau,persistance,1083076,0.11919613353280711,0.37445189814045216,0.8800966765931316
60,réseau,régression logistique,1083076,0.11639755186094801,0.36367679479351833,0.8909405103835045
60,réseau,gradient boosting,1083076,0.1068445072172127,0.33072705145192094,0.9085831208134383
60,réseau,gradient boosting + tendance,1083076,0.10532322586307881,0.3256570316503478,0.9117044379127035
60,mes 7 stations,profil horaire,20132,0.18772324490065273,0.609304448834422,0.7614045230171008
60,mes 7 stations,persistance,20132,0.13107752705833942,0.4057785171730957,0.8774536497421823
60,mes 7 stations,régression logistique,20132,0.13043840253485794,0.4052809696454076,0.8829432738765144
60,mes 7 stations,gradient boosting,20132,0.12178993372579099,0.3719808564711172,0.9002620604432128
60,mes 7 stations,gradient boosting + tendance,20132,0.1204834438887262,0.3680982955301279,0.9023978889461468
60,1 à 4 vélos,profil horaire,405659,0.22854735532788154,0.7624192720709074,0.6537409986833503
60,1 à 4 vélos,persistance,405659,0.19659041966491997,0.5782386498852602,0.7172231927313453
60,1 à 4 vélos,régression logistique,405659,0.19319510382148558,0.5671145471781228,0.7409092593036948
60,1 à 4 vélos,gradient boosting,405659,0.17810015778510618,0.5277007265922401,0.7807797616976828
60,1 à 4 vélos,gradient boosting + tendance,405659,0.17605172277908374,0.5220531065476083,0.7869223367504262
